contact,email
Sommer Medrano,sommm@gmail.com
Phillip Medrano,philliplifeisfantastic@gmail.com
Blanka Medrano,sommm@gmail.com
Emaan Medrano,sommm@gmail.com
Blair Park,bpark@gmail.com
Nigel Webb,nigel.webb.investments@gmail.com
Sinead English,singlish@hotmail.ca
Ayra Marks,marksa42@gmail.com
Jolene Welsh,jw1987@hotmail.com
Hayley Booker,me@hayleybooker.com
Amayah Sanford,axfg282@hotmail.com
Erika Foley,erikaaaaaa@gmail.com
Ciaron Acosta,shining_ciaron@gmail.com
Diana Stuart,doodledianastu@gmail.com
Daisy-May Caldwell,caldwellfamily5212@gmail.com
Martin Caldwell,caldwellfamily5212@gmail.com
Violet Caldwell,caldwellfamily5212@gmail.com
Nazifa Caldwell,caldwellfamily5212@gmail.com
Eric Caldwell,caldwellfamily5212@gmail.com
Rosanna Bird,rosy1987b@gmail.com
Kurtis Frost,kfreeze1987@gmail.com
Huma Stokes,humastokes@gmail.com
Samuel Rutledge,sam@exploretech.com
Eddison Collier,eddison.collier@gmail.com
Stewart Nicholls,paddycakestew@shaw.ca
Turner Jones,tjjones12@hotmail.ca
Albert Marshall,themarshallfamily1234@gmail.com
Vivian Marshall,themarshallfamily1234@gmail.com
