guest,email
"Sommer Medrano, Phillip Medrano, Blanka Medrano, Emaan Medrano",sommm@gmail.com
"Blair Park, Nigel Webb",bpark@gmail.com
Sinead English,singlish@hotmail.ca
Ayra Marks,marksa42@gmail.com
"Jolene Welsh, Hayley Booker",jw1987@hotmail.com
"Amayah Sanford, Erika Foley",erikaaaaaa@gmail.com
Ciaron Acosta,shining_ciaron@gmail.com
Diana Stuart,doodledianastu@gmail.com
"Daisy-May Caldwell, Martin Caldwell, Violet Caldwell, Nazifa Caldwell, Eric Caldwell",caldwellfamily5212@gmail.com
"Rosanna Bird, Kurtis Frost",rosy1987b@gmail.com
"Huma Stokes, Samuel Rutledge",humastokes@gmail.com
"Eddison Collier, Stewart Nicholls",eddison.collier@gmail.com
Turner Jones,tjjones12@hotmail.ca
"Albert Marshall, Vivian Marshall",themarshallfamily1234@gmail.com